# ülke	umuma mahsus	hususi	hizmet	diplomatik	not
# Kaynak: T.C. Dışişleri Bakanlığı, "Türk Vatandaşlarının Tabi Olduğu Vize Uygulamaları" (Ekim 2026).
# Kural: free:GÜN | evisa | arrival:GÜN (boşsa bilinmiyor) | required[:bölge]
AF	required	required	required	required	Umuma Mahsus Pasaport hamilleri vizeye tabidir. Diplomatik, Hususi ve Hizmet Pasaportu Hamilleri vizeye tabidir.
DE	required	free:90	free:90	free:90	Umuma Mahsus Pasaport hamilleri vizeye tabidir. Hususi, Hizmet ve Diplomatik Pasaport hamilleri ise 180 gün içinde 90 günü aşmamak kaydıyla, anılan ülkeye yapacakları seyahatlerinde vizeden muaftır.
US	required	required	required	required	Umuma Mahsus Pasaport hamilleri vizeye tabidir. Hizmet, Hususi ve Diplomatik Pasaport hamilleri vizeye tabidir.
AD	required:schengen	free:90	free:90	free:90	Schengen bölgesine dahil olmayan Andorra’ya doğrudan seyahat imkanı bulunmamakta olup, ülkeye giriş İspanya ya da Fransa üzerinden yapılabilmektedir. Bu çerçevede, vatandaşlarımızın Andorra’ya seyahat edebilmek için çift girişli veya müteaddit girişli Schengen vizesi alması gerekmektedir.
AO	free:30	free:90	free:90	free:90	Umuma Mahsus Pasaport hamili Türk vatandaşları 30 gün süreyle vizeden muaftır. Diplomatik, hususi ve hizmet pasaportu hamili Türk vatandaşları her 180 günde 90 gün süreyle vizeden muaftır.
AG	free:90	free:90	free:90	free:90	Umuma mahsus pasaport hamilleri 90 gün süreyle vizeden muaftır. Hususi, Hizmet ve Diplomatik Pasaport hamilleri vizeden muaftır.
AR	free:90	free:90	free:90	free:90	Umuma Mahsus Pasaport hamilleri anılan ülkeye yapacakları 90 güne kadar ikamet süreli seyahatlerinde vizeden muaftır. Hizmet, Hususi ve Diplomatik Pasaport hamilleri anılan ülkeye yapacakları 90 güne kadar ikamet süreli seyahatlerinde vizeden muaftır.
AL	free:90	free:90	free:90	free:90	Umuma Mahsus Pasaport hamilleri 90 gün süreyle vizeden muaftır. Hususi, Hizmet ve Diplomatik Pasaport hamilleri 90 gün süreyle vizeden muaftır.
AU	required	required	required	required	Umuma Mahsus Pasaport hamilleri vizeye tabidir. Hususi, Hizmet ve Diplomatik Pasaport hamilleri vizeye tabidir.
AT	required	free:90	free:90	free:90	Umuma Mahsus Pasaport hamilleri vizeye tabidir. Hususi, Hizmet ve Diplomatik Pasaport hamilleri ise 180 gün içinde 90 günü aşmamak kaydıyla, anılan ülkeye yapacakları seyahatlerinde vizeden muaftır.
AZ	free:90	free:90	free:90	free:90	Umuma mahsus, hizmet, hususi ve diplomatik pasaport hamilleri 90 güne kadar vizeden muaftır. Vatandaşlarımız turistik amaçlı seyahatlerinde, doğrudan ülkemizden Azerbaycan’a seyahat etmek koşuluyla, kimlik kartlarıyla da giriş yapabilmektedirler.
WS	free:90	free:90	free:90	free:90	Umuma mahsus, hizmet, hususi ve diplomatik pasaport hamilleri 90 gün süreyle vizeden muaftır.
BS	free:90	free:90	free:90	free:90	Umuma Mahsus Pasaport hamilleri vizeden muaftır. Hususi, Hizmet ve Diplomatik Pasaport hamilleri vizeden muaftır.
BH	evisa	free:90	free:90	free:90	Umuma mahsus pasaport hamilleri vizeye tabi olup, 30 gün süreli vizelerini Bahreyn’e seyahatlerinden önce e-vize olarak alabilmektedirler. Hizmet, hususi ve diplomatik pasaport hamilleri 90 gün süreyle vizeden muaftır.
BD	required	free:90	free:90	free:90	Umuma mahsus pasaport hamilleri vizeye tabidir. Diplomatik, hususî ve hizmet pasaportu hamilleri her 180 günde 90 gün süreyle vizeden muaftır.
BB	free:180	free:90	free:90	free:90	Umuma mahsus pasaport hamilleri 6 aya kadar vizeden muaftır. Hususi, Hizmet ve Diplomatik Pasaport hamilleri 90 gün süreyle vizeden muaftır.
BY	free:30	free:30	free:30	free:30	Umuma mahsus, hizmet, hususî ve diplomatik pasaport hamili Türk vatandaşları 30 gün süreyle vizeden muaftır. Toplam kalış süresi ilk giriş tarihinden itibaren 1 yıl içerisinde 90 günü geçemez.
BE	required	free:90	free:90	free:90	Hususi, Hizmet ve Diplomatik Pasaport hamilleri ise 180 gün içinde 90 günü aşmamak kaydıyla, anılan ülkeye yapacakları seyahatlerinde vizeden muaftır. Umuma Mahsus Pasaport hamilleri vizeye tabidir.
BZ	free:90	free:90	free:90	free:90	Umuma Mahsus Pasaport hamilleri 90 gün süreyle vizeden muaftır. Hususi, Hizmet ve Diplomatik Pasaport hamilleri 90 gün süreyle vizeden muaftır.
BJ	required	required	required	free:90	Umuma Mahsus Pasaport hamilleri vizeye tabidir. Hususi ve Hizmet Pasaportu Hamilleri vizeye tabidir. Diplomatik Pasaport hamilleri 90 gün süreyle vizeden muaftır.
AE	required	free:90	free:90	free:90	Umuma Mahsus Pasaport hamilleri vizeye tabidir. Hususi, Hizmet ve Diplomatik Pasaport hamilleri 90 güne kadar seyahatlerinde vizeden muaftır.
BO	free:90	free:90	free:90	free:90	Umuma Mahsus Pasaport hamilleri 90 gün süreyle vizeden muaftır. Hususi, Hizmet ve Diplomatik Pasaport hamilleri 90 gün süreyle vizeden muaftır.
BA	free:90	free:90	free:90	free:90	Umuma mahsus pasaport hamilleri 180 gün içinde 90 günü aşmamak kaydıyla vizeden muaftır. Diplomatik, hususi ve hizmet pasaportu hamilleri 180 gün içinde 90 günü aşmamak kaydıyla vizeden muaftır.
BW	free:365	free:365	free:365	free:365	Umuma mahsus, hizmet, hususî ve diplomatik pasaport hamilleri Botsvana’ya girişlerinden itibaren 365 gün içinde 90 günü aşmamak şartıyla vizeden muaftır.
BR	free:90	free:90	free:90	free:90	Umuma Mahsus Pasaport hamilleri anılan ülkeye yapacakları 90 güne kadar ikamet süreli seyahatlerinde vizeden muaftır. Hizmet, Hususi ve Diplomatik Pasaport hamilleri anılan ülkeye yapacakları 90 güne kadar ikamet süreli seyahatlerinde vizeden muaftır.
BN	free:30	free:30	free:30	free:30	Diplomatik, hususi, hizmet ve umuma mahsus pasaport hamilleri, Brunei’ye giriş, çıkış, transit geçişlerinde, ilk giriş tarihinden itibaren otuz (30) günü geçmeyen seyahatlerinde vizeden muaftırlar.
BG	required	free:90	free:30	free:30	Umuma Mahsus Pasaport hamilleri vizeye tabidir. Hususi pasaport hamilleri ülkeye ilk giriş tarihinden itibaren 180 gün içerisinde 90 gün süreyle vizeden muaftır.
BF	required	required	required	free:90	Umuma Mahsus Pasaport hamili Türk vatandaşları vizeye tabidir. Hususi ve Hizmet Pasaportu hamili Türk vatandaşları vizeye tabidir. Diplomatik Pasaport hamili Türk vatandaşları, 90 güne kadar ikamet süreli seyahatlerinde vizeden muaftır.
BI	required	required	required	free:90	Umuma mahsus pasaport hamilleri vizeye tabidir. Hususi ve Hizmet pasaport hamilleri vizeye tabidir. Diplomatik Pasaport Hamilleri her 180 gün içinde 90 günü aşmayan süre zarfında vizeden muaftır.
BT	required	required	required	required	Umuma Mahsus Pasaport hamilleri vizeye tabidir. Hususi, Hizmet ve Diplomatik Pasaport hamilleri vizeye tabidir.
CV	required	required	required	required	Umuma Mahsus Pasaport hamilleri vizeye tabidir. Hususi, Hizmet ve Diplomatik Pasaport hamilleri vizeye tabidir.
DZ	required	free:90	free:90	free:90	Umuma Mahsus Pasaport hamilleri vizeye tabidir. Hususi, Hizmet ve Diplomatik Pasaport hamilleri anılan ülkeye yapacakları 90 güne kadar ikamet süreli seyahatlerinde vizeden muaftır.
DJ	evisa	free:90	free:90	free:90	Umuma Mahsus Pasaport hamilleri vizeye tabidir. Hususi, Hizmet ve Diplomatik Pasaport hamilleri anılan ülkeye yapacakları 90 güne kadar ikamet süreli seyahatlerinde vizeden muaftır. Vatandaşlarımız www.evisa.gouv.dj adresi üzerinden alacakları e-vizeyle Cibuti’ye seyahat edilebilmektedir.
TD	required	free:90	free:90	free:90	Diplomatik, hizmet ve hususi pasaport hamilleri 180 gün içinde 90 gün süreyle vizeden muaftır. Umuma mahsus pasaport hamilleri vizeye tabidir.
CZ	required	free:90	free:90	free:90	Umuma Mahsus Pasaport hamilleri vizeye tabidir. Hususi, Hizmet ve Diplomatik Pasaport hamilleri anılan ülkeye yapacakları 90 güne kadar ikamet süreli seyahatlerinde vizeden muaftır.
CN	required	free:30	free:30	free:30	Umuma mahsus pasaport hamilleri vizeye tabidir. Diplomatik, hizmet ve hususi pasaport hamilleri 30 güne kadar ikamet süreli seyahatlerinde vizeden muaftır.
DK	required	free:90	free:90	free:90	Umuma Mahsus Pasaport hamilleri vizeye tabidir. Hususi, Hizmet ve Diplomatik Pasaport hamilleri ise, 180 gün içinde 90 günü aşmamak kaydıyla, anılan ülkeye yapacakları seyahatlerinde vizeden muaftır.
TL	required	required	required	required	Umuma Mahsus Pasaport Hamilleri vizeye tabidir. Hizmet, Hususi ve Diplomatik Pasaport Hamilleri vizeye tabidir. Bu ülkeye seyahat edecek vatandaşlarımıza, Doğu Timor sınır kapılarında 30 gün ikamet süreli vize verilmektedir.
DM	free:21	free:21	free:21	free:21	Umuma Mahsus Pasaport hamilleri 21 gün süreyle vizeden muaftır. Hizmet, Hususi ve Diplomatik Pasaport hamilleri 21 gün süreyle vizeden muaftır.
DO	arrival:30	free:90	free:90	free:90	Umuma mahsus pasaport hamili vatandaşlarımız vizeye tabi olup, havalimanında 30 gün süreli vize alınabilmektedir. Diplomatik, hususî ve hizmet pasaportu hamili vatandaşlarımız 180 günde 90 gün süreyle vizeden muaftır.
EC	free:90	free:90	free:90	free:90	Umuma mahsus, hizmet, hususi ve diplomatik pasaport hamilleri her 180 gün içinde 90 güne kadar olan turistik amaçlı seyahatlerinde vizeden muaftır.
GQ	required	free:90	free:90	free:90	Umuma Mahsus Pasaport hamilleri vizeye tabidir. Diplomatik, hususî ve hizmet pasaportu hamilleri her 180 günde 90 gün süreyle vizeden muaftır.
SV	free:90	free:90	free:90	free:90	Umuma Mahsus Pasaport hamilleri 90 güne kadar ikamet süreli seyahatlerinde vizeden muaftır. Hizmet, Hususi ve Diplomatik Pasaport hamilleri 90 güne kadar ikamet süreli seyahatlerinde vizeden muaftır.
ID	free:30	free:30	free:30	free:30	Diplomatik, hususî ve hizmet ve umuma mahsus pasaport hamili vatandaşlarımız 30 güne kadar ikamet süreli seyahatlerinde vizeden muaftır.
ER	required	required	required	required	Umuma mahsus, hizmet, hususî ve diplomatik pasaport hamili vatandaşlarımız Eritre’ye seyahatlerinde vizeye tabidir.
AM	evisa	evisa	evisa	evisa	Umuma mahsus pasaport hamilleri vizeye tabidir. Umuma mahsus pasaport hamili vatandaşlarımızın Ermenistan’a seyahatleri öncesinde vize veya elektronik vize almaları gerekmektedir. Diplomatik, hususî ve hizmet pasaportu hamilleri vizeye tabidir.
EE	required	free:90	free:90	free:90	Umuma Mahsus Pasaport hamilleri ise vizeye tabidir. Hususi, Hizmet ve Diplomatik Pasaport hamilleri 180 gün içinde 90 günü aşmamak kaydıyla vizeden muaftır.
ET	required	required	required	free:90	Umuma Mahsus Pasaport hamili Türk vatandaşları ise vizeye tabidir. Hususi ve Hizmet Pasaportu hamili Türk vatandaşları vizeye tabidir. Diplomatik Pasaport hamili Türk vatandaşları 90 güne kadar ikamet süreli seyahatlerinde vizeden muaftır.
SZ	arrival:30	arrival:30	arrival:30	arrival:30	Diplomatik, hususî , hizmet ve umuma mahsus pasaport hamili vatandaşlarımız 30 gün süreli vizelerini sınır kapılarında kaşe tatbiki şeklinde ve harçsız olarak alabilmektedirler. 30 günü aşan ziyaretler için Esvatini Büyükelçiliklerinden vize temin edilmesi gerekmektedir.
MA	free:90	free:90	free:90	free:90	Umuma Mahsus Pasaport hamilleri 90 gün süreyle vizeden muaftır. Hususi, Hizmet ve Diplomatik Pasaport hamilleri 90 gün süreyle vizeden muaftır.
FJ	free:90	free:90	free:90	free:90	Umuma mahsus, hizmet, hususi ve diplomatik pasaport hamilleri 90 gün süreyle vizeden muaftır.
CI	required	free:90	free:90	free:90	Resmi pasaportlar (Diplomatik, Hizmet ve Hususi), ilk giriş tarihinden itibaren her altı (6) ay içerisinde doksan (90) günü aşmamak kaydıyla vizeden muaftır. Umuma mahsus pasaport hamilleri ise vizeye tabidir.
PH	free:30	free:30	free:30	free:30	Umuma mahsus pasaport hamili Türk vatandaşları 30 güne kadar ikamet süreli seyahatlerinde vizeden muaftır. Diplomatik, Hususi ve Hizmet Pasaportu hamili Türk vatandaşları 30 güne kadar ikamet süreli seyahatlerinde vizeden muaftır.
PS	required	free:90	free:90	free:90	Vatandaşlarımıza vize uygulanmamaktadır. Filistin’e seyahat edecek Türkiye Cumhuriyeti vatandaşlarının İsrail vizesi almaları gerekmektedir (Mısır üzerinden Gazze Şeridi’ne girecek vatandaşlarımız hariç).
FI	required	free:90	free:90	free:90	Umuma Mahsus Pasaport hamilleri vizeye tabidir. Diplomatik, Hizmet ve Hususi Pasaport hamilleri ise 180 gün içinde 90 günü aşmamak kaydıyla, anılan ülkeye yapacakları seyahatlerinde vizeden muaftır.
FR	required	free:90	free:90	free:90	Umuma Mahsus Pasaport hamilleri vizeye tabidir. Diplomatik, Hizmet ve Hususi Pasaport hamilleri ise 180 gün içinde 90 günü aşmamak kaydıyla, anılan ülkeye yapacakları seyahatlerinde vizeden muaftır.
GA	required	free:90	free:90	free:90	Umuma mahsus pasaport hamili vatandaşlarımız vizeye tabidir. Hizmet, hususi ve diplomatik pasaport hamili vatandaşlarımız her 180 günde 90 gün süreyle vizeden muaftır. Gabon’a seyahat edecek vatandaşlarımızın en az 3 ay geçerli pasaporta sahip olmaları gerekmektedir.
GM	required	required	required	free:90	Umuma Mahsus Pasaport hamilleri vizeye tabidir. Hususi ve Hizmet Pasaportu Hamilleri vizeye tabidir. Diplomatik Pasaport hamilleri 90 gün süreyle vizeden muaftır.
GH	required	required	required	free:90	Diplomatik pasaport hamilleri 90 gün süreyle vizeden muaftır. Umuma Mahsus Pasaport hamilleri vizeye tabidir. Hizmet ve Hususi Pasaport hamilleri vizeye tabidir.
GN	required	required	required	free:90	Umuma Mahsus Pasaport hamili Türk vatandaşları vizeye tabidir. Hususi ve Hizmet Pasaportu hamili Türk vatandaşları vizeye tabidir. Diplomatik Pasaport hamili Türk vatandaşları, 90 güne kadar ikamet süreli seyahatlerinde vizeden muaftır.
GW	required	free:90	free:90	free:90	Umuma Mahsus Pasaport hamilleri vizeye tabidir. Diplomatik, hizmet ve hususî pasaport hamilleri her 180 günde 90 gün süreyle vizeden muaftır.
GD	required	free:90	free:90	free:90	Umuma Mahsus Pasaport hamilleri vizeye tabidir. Diplomatik, Hizmet ve Hususi Pasaport hamilleri ise, 90 gün süreyle vizeden muaftır.
GT	free:90	free:90	free:90	free:90	Umuma Mahsus Pasaport hamilleri 90 gün süreyle vizeden muaftır. Diplomatik, Hizmet ve Hususi Pasaport hamilleri 90 gün süreyle vizeden muaftır.
GY	required	free:90	free:90	free:90	Umuma mahsus pasaport hamilleri vizeye tabidir. Hususi, Hizmet ve Diplomatik Pasaport hamilleri ise, 180 gün içerisinde toplam kalış süresi 90 günü aşmamak kaydıyla, anılan ülkeye yapacakları seyahatlerinde vizeden muaftır.
ZA	arrival:30	free:30	free:30	free:30	Diplomatik Pasaport, Hususi Pasaport ve Hizmet Pasaportu hamili vatandaşlarımız 30 güne kadar vizeden muaftır. Umuma Mahsus Pasaport hamili vatandaşlarımız 30 güne kadar süreli vizelerini sınır kapılarından kaşe tatbiki şeklinde ve harçsız olarak alabilmektedir.
SS	required	required	required	free:90	Umuma Mahsus Pasaport hamilleri vizeye tabidir. Diplomatik pasaport hamilleri vizeden muaftır. Hizmet ve Hususi Pasaport hamilleri vizeye tabidir.
GE	free:365	free:365	free:365	free:365	Umuma mahsus, diplomatik, hizmet ve hususî pasaport hamili vatandaşlarımız bir yıla kadar seyahatlerinde vizeden muaftırlar. Vatandaşlarımızın geçerli yeni tip kimlik kartıyla da Gürcistan’a vizesiz olarak seyahat edebilmeleri mümkündür.
HT	required	required	required	required	Umuma mahsus, hizmet, hususi ve diplomatik pasaport hamilleri vizeye tabidir.
HR	required	free:90	free:90	free:90	Umuma Mahsus Pasaport hamilleri vizeye tabidir. Diplomatik, Hizmet ve Hususi Pasaport hamilleri ise 180 gün içinde 90 günü aşmamak kaydıyla, anılan ülkeye yapacakları seyahatlerinde vizeden muaftır.
IN	required	required	required	free:90	Umuma Mahsus Pasaport hamilleri ise vizeye tabidir. Hususi ve Hizmet Pasaportu hamilleri vizeye tabidir. Diplomatik Pasaport hamilleri 90 gün süreyle vizeden muaftır.
NL	required	free:90	free:90	free:90	Umuma Mahsus Pasaport hamilleri vizeye tabidir. Diplomatik, Hizmet ve Hususi Pasaport hamilleri ise 180 gün içinde 90 günü aşmamak kaydıyla, anılan ülkeye yapacakları seyahatlerinde vizeden muaftır.
HN	free:90	free:90	free:90	free:90	Umuma Mahsus Pasaport hamilleri 90 gün süreyle vizeden muaftır. Diplomatik, Hizmet ve Hususi Pasaport hamilleri 90 gün süreyle vizeden muaftır.
HK	free:90	free:90	free:90	free:90	Pasaport geçerlilik süresi en az 6 ay olan umuma mahsus pasaport hamili Türk vatandaşları, Hong Kong Özel İdare Bölgesi’ne 90 güne kadar yapacakları turistik veya iş görüşmesi amaçlı seyahatlerinde vizeden muaftır.
IQ	required	free:90	free:90	free:90	15 yaşından küçük ve 50 yaşından büyük umuma mahsus pasaport hamilleri 30 gün süreyle vizeden muaftır. 15-50 yaş arasındaki umuma mahsus pasaport hamilleri vizeye tabidir.
GB	required	required	required	required	Diplomatik, hususî, hizmet ve umuma mahsus pasaport hamili vatandaşlarımız vizeye tabidir. İngiltere üzerinden diğer ülkelere aktarmalı seyahat edecek vatandaşlarımız transit vizeye tabidir.
IR	free:90	free:90	free:90	free:90	Umuma Mahsus Pasaport hamilleri 90 gün süreyle vizeden muaftır. Diplomatik, Hizmet ve Hususi Pasaport hamilleri 90 gün süreyle vizeden muaftır.
IE	required	required	required	free:90	Umuma mahsus, hizmet ve hususî pasaport hamilleri vizeye tabidir. Diplomatik pasaport hamilleri her 180 günde 90 gün süreyle vizeden muaftır. Bakan heyetine dahil olarak resmî ziyarette bulunan hizmet ve hususî pasaport hamilleri vizeden muaftır.
ES	required	free:90	free:90	free:90	Umuma Mahsus Pasaport hamilleri vizeye tabidir. Diplomatik, Hizmet ve Hususi pasaport hamilleri 180 gün içinde 90 günü aşmamak kaydıyla, anılan ülkeye yapacakları seyahatlerinde vizeden muaftır.
IL	required	free:90	free:90	free:90	Umuma Mahsus Pasaport hamilleri vizeye tabidir. Diplomatik, Hizmet ve Hususi Pasaport hamilleri ise, 180 gün içinde 90 günü aşmamak kaydıyla, anılan ülkeye yapacakları seyahatlerinde vizeden muaftır.
SE	required	free:90	free:90	free:90	Umuma Mahsus Pasaport hamilleri vizeye tabidir. Diplomatik, Hizmet ve Hususi Pasaport hamilleri ise, 180 gün içinde 90 günü aşmamak kaydıyla, anılan ülkeye yapacakları seyahatlerinde vizeden muaftır.
CH	required	free:90	free:90	free:90	Umuma Mahsus Pasaport hamilleri vizeye tabidir. Diplomatik, Hizmet ve Hususi Pasaport hamilleri ise, 180 gün içinde 90 günü aşmamak kaydıyla, anılan ülkeye yapacakları seyahatlerinde vizeden muaftır.
IT	required	free:90	free:90	free:90	Umuma Mahsus Pasaport hamilleri vizeye tabidir. Diplomatik, Hizmet ve Hususi Pasaport hamilleri ise 180 gün içinde 90 günü aşmamak kaydıyla, anılan ülkeye yapacakları seyahatlerinde vizeden muaftır. (Vatikan için de geçerlidir).
IS	required	free:90	free:90	free:90	Umuma Mahsus Pasaport hamilleri vizeye tabidir. Diplomatik, Hizmet ve Hususi Pasaport hamilleri ise 180 gün içinde 90 günü aşmamak kaydıyla, anılan ülkeye yapacakları seyahatlerinde vizeden muaftır.
JM	free:90	free:90	free:90	free:90	Umuma mahsus, hizmet, hususi ve diplomatik pasaport hamilleri 90 gün süreyle vizeden muaftır.
JP	free:90	free:90	free:90	free:90	Umuma mahsus, hizmet, hususi ve diplomatik pasaport hamilleri 90 gün süreyle vizeden muaftır.
KH	evisa	free:30	free:30	free:30	Umuma Mahsus Pasaport hamilleri vizeye tabidir. 30 gün geçerli turistik amaçlı vizeler, Kamboçya’nın ülkemizdeki Fahri Konsolosluğunun yanı sıra, sınır kapılarında da verilmektedir. Umuma mahsus pasaport hamillerine vizeleri www.evisa.gov.kh adresinden e-vize olarak da ita edilmektedir.
CM	required	required	required	required	Umuma Mahsus Pasaport hamilleri vizeye tabidir. Resmi heyet mensubu olan Diplomatik, Hizmet ve Hususi Pasaport hamilleri her 180 günlük dönem içerisinde ilk giriş tarihinden itibaren toplam kalış süresi 90 günü aşmamak kaydıyla vizeden muaftır.
CA	required	required	required	required	Umuma Mahsus Pasaport hamilleri vizeye tabidir. Diplomatik, Hizmet ve Hususi Pasaport hamilleri vizeye tabidir.
ME	free:30	free:90	free:90	free:90	Umuma mahsus pasaport hamili vatandaşlarımız 30 gün süreyle vizeden muaftır. Diplomatik, hususî ve hizmet pasaportu hamili vatandaşlarımız 90 gün süreyle vizeden muaftır.
QA	free:90	free:90	free:90	free:90	Umuma mahsus, hizmet, hususi ve diplomatik pasaport hamilleri her 180 günde 90 gün süreyle vizeden muaftır.
KZ	free:90	free:90	free:90	free:90	Umuma mahsus, hizmet, hususi ve diplomatik pasaport hamili vatandaşlarımız her 180 günde 90 günü aşmamak kaydıyla vizeden muaftır.
KE	evisa	free:90	free:90	free:90	Kenya’nın 2024 yılında getirdiği Elektronik Seyahat Yetkilendirme Sistemi kapsamında, Umuma Mahsus Pasaport hamili vatandaşlarımızın Kenya’yı ziyaretleri öncesinde "www.etakenya.go.ke" adresinden başvuru yapmaları gerekmekte olup bu başvurular ücrete tabidir.
CY	required	required	required	required	Umuma Mahsus Pasaport hamilleri vizeye tabidir. Vatandaşlarımız vizelerini Güney Kıbrıs’ın Atina Büyükelçiliğinden temin edebilirler. Diplomatik, Hizmet ve Hususi Pasaport hamilleri vizeye tabidir. Vatandaşlarımız vizelerini Güney Kıbrıs’ın Atina Büyükelçiliğinden temin edebilirler.
KG	free:90	free:90	free:90	free:90	Umuma mahsus ve resmi pasaport hamilleri 180 gün içinde 90 günü aşmamak kaydıyla anılan ülkeye yapacakları seyahatlerinde vizeden muaftır.
KI	required	free:90	free:90	free:90	Umuma Mahsus Pasaport hamilleri vizeye tabidir. Hususi ve hizmet Pasaportu hamilleri vizeye tabidir Diplomatik pasaport hamilleri anılan ülkeye yapacakları seyahatlerinde vizeden muaftır.
CO	free:90	free:90	free:90	free:90	Umuma mahsus pasaport hamili Türk vatandaşları 90 güne kadar ikamet süreli seyahatlerinde vizeden muaftır. Diplomatik, Hususi ve Hizmet pasaportu hamili Türk vatandaşları 90 güne kadar ikamet süreli seyahatlerinde vizeden muaftır.
KM	arrival:	arrival:	arrival:	arrival:	Umuma Mahsus pasaport hamilleri vizeye tabi olup, vizelerini sınır kapılarında alabilmektedirler. Diplomatik, Hizmet ve Hususi Pasaport hamilleri vizeye tabi olup, vizelerini sınır kapılarında alabilmektedirler.
CG	required	required	required	free:90	Umuma Mahsus Pasaport hamili Türk vatandaşları vizeye tabidir. Hususi ve Hizmet Pasaportu hamili Türk vatandaşları vizeye tabidir. Diplomatik Pasaport hamili Türk vatandaşları, 90 güne kadar ikamet süreli seyahatlerinde vizeden muaftır.
CD	required	required	required	free:90	Diplomatik Pasaport hamilleri her 180 günde 90 gün süreyle vizeden muaftır. Umuma mahsus, hususî ve hizmet pasaportu hamilleri vizeye tabidir.
KR	free:90	free:90	free:90	free:90	Umuma mahsus pasaport hamili Türk vatandaşları 90 güne kadar ikamet süreli seyahatlerinde vizeden muaftır. Diplomatik, Hususi ve Hizmet pasaportu hamili Türk vatandaşları 90 güne kadar ikamet süreli seyahatlerinde vizeden muaftır.
KP	required	required	required	required	Umuma Mahsus Pasaport hamilleri vizeye tabidir. Diplomatik, Hizmet ve Hususi Pasaport hamilleri vizeye tabidir.
XK	free:90	free:90	free:90	free:90	Umuma Mahsus Pasaport hamilleri 180 gün içinde 90 günü aşmamak kaydıyla, anılan ülkeye yapacakları seyahatlerinde vizeden muaftır. Diplomatik, Hizmet ve Hususi Pasaport hamilleri 180 gün içinde 90 günü aşmamak kaydıyla, anılan ülkeye yapacakları seyahatlerinde vizeden muaftır.
CR	free:30	free:30	free:30	free:30	Resmi (Diplomatik, Hizmet ve Hususi) ve Umuma Mahsus Pasaport hamili Türk vatandaşları Kosta Rika'ya yapacakları turistik amaçlı seyahatlerinde ve transit geçişlerinde 180 gün içinde 30 gün süreyle vizeden muaftır (30 günlük vize muafiyeti, Kosta Rika’ya varışın ardından zamanında başvurulması halin
KW	arrival:90	free:90	free:90	free:90	Umuma mahsus pasaport hamilleri vizeye tabi olup, 90 gün süreli vizelerini sınır kapılarında ücretsiz olarak alabilmektedirler. Hizmet, hususi ve diplomatik pasaport hamilleri 180 günde 90 gün süreyle vizeden muaftır.
MK	free:90	free:90	free:90	free:90	Umuma Mahsus Pasaport hamili Türk vatandaşları 90 güne kadar ikamet süreli seyahatlerinde vizeden muaftır. Diplomatik, Hususi ve Hizmet Pasaportu hamili Türk vatandaşları 90 güne kadar ikamet süreli seyahatlerinde vizeden muaftır. Kuzey Makedonya’ya Öğrenim Vizesi İçin Talep Edilen Belgeler
CU	required	free:90	free:90	free:90	Umuma Mahsus Pasaport hamilleri vizeye tabidir. Diplomatik, Hizmet ve Hususi Pasaport hamilleri ise, anılan ülkeye yapacakları 90 güne kadar olan seyahatlerinde vizeden muaftır.
LA	required	required	required	free:90	Diplomatik pasaport hamilleri her 180 günde 90 gün süreyle vizeden muaftır. Umuma mahsus, hizmet ve hususî pasaport hamilleri vizeye tabidir.
LS	required	required	required	required	Umuma Mahsus Pasaport hamilleri vizeye tabidir. Diplomatik, Hizmet ve Hususi Pasaport hamilleri vizeye tabidir.
LV	required	free:90	free:90	free:90	Umuma Mahsus Pasaport hamilleri vizeye tabidir. Diplomatik, Hizmet ve Hususi Pasaport hamilleri ise 180 gün içinde 90 günü aşmamak kaydıyla, anılan ülkeye yapacakları seyahatlerinde vizeden muaftır.
LR	required	required	required	free:90	Diplomatik pasaport hamilleri her 180 günde 90 gün süreyle vizeden muaftır. Umuma mahsus, hizmet ve hususî pasaport hamilleri vizeye tabidir.
LY	evisa	free:90	free:90	free:90	Umuma mahsus pasaport hamili vatandaşlarımız vizeye tabidir. Diplomatik, hizmet ve hususî pasaport hamilleri ise 180 gün içinde 90 günü aşmamak kaydıyla, anılan ülkeye yapacakları seyahatlerinde vizeden muaftır.
LI	required	free:90	free:90	free:90	Umuma Mahsus Pasaport hamilleri vizeye tabidir. Diplomatik, Hizmet ve Hususi Pasaport hamilleri ise, anılan ülkeye yapacakları seyahatlerinde vizeden muaftır.
LT	required	free:90	free:90	free:90	Umuma Mahsus Pasaport hamilleri vizeye tabidir. Diplomatik, Hizmet ve Hususi Pasaport hamilleri ise, anılan ülkeye yapacakları seyahatlerinde vizeden muaftır.
LB	free:90	free:90	free:90	free:90	Umuma Mahsus Pasaport hamilleri 180 gün içinde 90 günü aşmamak kaydıyla, anılan ülkeye yapacakları seyahatlerinde vizeden muaftır. Diplomatik, Hizmet ve Hususi Pasaport hamilleri 180 gün içinde 90 günü aşmamak kaydıyla, anılan ülkeye yapacakları seyahatlerinde vizeden muaftır.
LU	required	free:90	free:90	free:90	Umuma Mahsus Pasaport hamilleri vizeye tabidir. Diplomatik, Hizmet ve Hususi Pasaport hamilleri ise, 180 gün içinde 90 günü aşmamak kaydıyla, anılan ülkeye yapacakları seyahatlerinde vizeden muaftır.
HU	required	free:90	free:90	free:90	Umuma Mahsus Pasaport hamilleri vizeye tabidir. Diplomatik, Hizmet ve Hususi Pasaport hamilleri 180 gün içerisinde 90 günü aşmamak kaydıyla, anılan ülkeye yapacakları seyahatlerinde vizeden muaftır.
MG	arrival:	arrival:	arrival:	arrival:	Umuma Mahsus pasaport hamilleri vizeye tabi olup, vizelerini sınır kapılarında alabilmektedirler. Diplomatik, Hizmet ve Hususi Pasaport hamilleri vizeye tabi olup, vizelerini sınır kapılarında alabilmektedirler.
MO	free:30	free:30	free:30	free:30	Pasaport geçerlilik süresi en az 6 ay olan umuma mahsus pasaport hamili Türk vatandaşları, Makao Özel İdare Bölgesi’ne 30 güne kadar yapacakları turistik veya iş görüşmesi amaçlı seyahatlerinde vizeden muaftır.
MW	required	required	required	required	Umuma Mahsus Pasaport hamilleri vizeye tabidir. Diplomatik, hizmet ve hususî pasaport hamili diplomatlar ve devlet görevlileri resmî amaçlı seyahatleriyle sınırlı olmak üzere vizeden muaf olup, turizm ve diğer amaçlarla yapacakları seyahatlerde vizeye tabidir.
MV	arrival:30	arrival:30	arrival:30	arrival:30	Umuma Mahsus Pasaport hamili vatandaşlarımız vizeye tabi olup, 30 gün süreli vizelerini sınır kapılarından harçsız olarak alabilmektedirler. Hizmet, hususi ve diplomatik pasaport hamilleri de 30 güne kadar seyahatlerinde vizelerini sınır kapılarından harçsız olarak alabilmektedirler.
MY	arrival:90	free:90	free:90	free:90	Umuma mahsus pasaport hamili vatandaşlarımıza ülkeye girişlerinde 90 gün ikamet süreli turistik amaçlı giriş vizesi ücretsiz olarak tatbik edilmektedir. Hizmet, hususi ve diplomatik pasaport hamilleri 90 gün süreyle vizeden muaftır.
ML	required	required	required	free:90	Umuma mahsus pasaport hamili Türk vatandaşları ise vizeye tabidir. Hususi ve Hizmet pasaport hamili Türk vatandaşları ise vizeye tabidir. Diplomatik pasaport hamili Türk vatandaşları 90 güne kadar ikamet süreli seyahatlerinde vizeden muaftır.
MT	required	free:90	free:90	free:90	Umuma Mahsus Pasaport hamilleri vizeye tabidir. Diplomatik, Hususi ve Hizmet Pasaportu hamilleri vizeden muaftır.
MH	required	required	required	required	Umuma mahsus pasaport hamilleri vizeye tabidir.
MU	free:30	free:30	free:30	free:30	Umuma mahsus, pasaport hamilleri 30 güne kadar seyahatlerinde vizeden muaftır. Diplomatik, hizmet ve hususi pasaport hamilleri 30 güne kadar seyahatlerinde vizeden muaftır.
MX	evisa	required	required	free:90	Umuma mahsus, hususî ve hizmet pasaportu hamili vatandaşlarımız vizeye tabidir. Diplomatik pasaport hamili vatandaşlarımız ise vizeden muaftır.
EG	required	free:90	free:90	free:90	Umuma Mahsus Pasaport hamilleri vizeye tabidir. Diplomatik, Hizmet ve Hususi Pasaport hamilleri 90 güne kadar seyahatlerinde vizeden muaftır. Mısır’a seyahat eden vatandaşlarımız sınır kapılarında vize alabilmektedirler.
FM	required	required	required	required	Umuma Mahsus Pasaport hamilleri vizeye tabidir. Diplomatik, Hizmet ve Hususi Pasaport hamilleri vizeye tabidir.
MN	free:30	free:30	free:30	free:30	Umuma Mahsus Pasaport hamilleri 30 gün süreyle vizeden muaftır. Diplomatik, Hizmet ve Hususi Pasaport hamilleri 30 gün süreyle vizeden muaftır.
MD	free:90	free:90	free:90	free:90	Umuma mahsus pasaport hamilleri 90 gün süreyle vizeden muaftır. Diplomatik, Hizmet ve Hususi Pasaport hamilleri 90 gün süreyle vizeden muaftır.
MC	required	free:90	free:90	free:90	Umuma Mahsus Pasaport hamilleri vizeye tabidir. Diplomatik, Hizmet ve Hususi Pasaport hamilleri 180 gün içinde 90 günü aşmamak kaydıyla, anılan ülkeye yapacakları seyahatlerinde vizeden muaftır.
MR	evisa	free:90	free:90	free:90	Umuma mahsus pasaport hamilleri vizeye tabidir. Umuma mahsus pasaport hamili vatandaşlarımızın Moritanya’ya seyahatleri öncesinde https://anrpts.gov.mr internet sitesinden elektronik vize almaları gerekmektedir.
MZ	evisa	free:90	free:90	free:90	Umuma mahsus pasaport hamili vatandaşlarımız vizeye tabidir.
MM	required	required	required	required	Umuma Mahsus Pasaport hamilleri vizeye tabidir. Diplomatik, Hizmet ve Hususi Mahsus Pasaport hamilleri vizeye tabidir.
NA	required	required	free:90	free:90	Umuma mahsus pasaport ve hususi pasaport hamili vatandaşlarımız vizeye tabidir. Diplomatik pasaport ve hizmet pasaportu hamili vatandaşlarımız her 180 günde 90 güne kadar vizeden muaftır. Pasaport geçerlilik süresi ülkeye giriş tarihinden itibaren en az 6 ay olmalıdır.
NR	required	required	required	required	Umuma Mahsus Pasaport hamilleri vizeye tabidir. Diplomatik, Hizmet ve Hususi Pasaport hamilleri vizeye tabidir.
NP	arrival:	required	required	required	Umuma mahsus pasaport hamilleri vizeye tabi olup, vizelerini sınır kapılarında alabilmektedirler. Hizmet, hususi ve diplomatik pasaport hamilleri vizeye tabidir.
NE	required	free:90	free:90	free:90	Umuma Mahsus Pasaport hamili Türk vatandaşları vizeye tabidir. Diplomatik, hususî ve hizmet pasaportu hamili Türk vatandaşları her 180 günde 90 gün süreyle vizeden muaftır.
NG	required	required	required	free:90	Umuma Mahsus Pasaport hamilleri vizeye tabidir. Hususi ve Hizmet Pasaportu Hamilleri vizeye tabidir. Diplomatik Pasaport hamilleri 90 gün süreyle vizeden muaftır.
NI	free:90	free:90	free:90	free:90	Umuma mahsus, hizmet, hususi ve diplomatik pasaport hamilleri 90 gün süreyle vizeden muaftır.
NO	required	free:90	free:90	free:90	Umuma Mahsus Pasaport hamilleri vizeye tabidir. Diplomatik, Hizmet ve Hususi Pasaport hamilleri 180 gün içinde 90 günü aşmamak kaydıyla, anılan ülkeye yapacakları seyahatlerinde vizeden muaftır.
OM	free:30	free:90	free:90	free:90	Diplomatik, hizmet ve hususî pasaport hamilleri 90 güne kadar vizeden muaftır. Umuma mahsus pasaport hamilleri her 180 günde 90 günü aşmamak kaydıyla her ziyarette 30 gün süreyle vizeden muaftır.
CF	required	required	required	required	Umuma Mahsus Pasaport hamilleri vizeye tabidir. Diplomatik, Hizmet ve Hususi Pasaport hamilleri vizeye tabidir.
UZ	free:30	free:30	free:30	free:90	Umuma Mahsus Pasaport Hamilleri 30 gün süreyle vizeden muaftır. Hususi ve Hizmet Pasaportu Hamilleri 30 gün süreyle vizeden muaftır. Diplomatik Pasaport hamilleri vizeden muaftır.
PK	required	free:90	free:90	free:90	Umuma Mahsus Pasaport hamilleri vizeye tabidir. Diplomatik, Hizmet ve Hususi Pasaport hamilleri vizeden muaftır.
PW	free:90	free:90	free:90	free:90	Umuma Mahsus Pasaport hamilleri vizeden muaftır. Diplomatik, Hizmet ve Hususi Pasaport hamilleri vizeden muaftır.
PA	free:90	free:90	free:90	free:90	Diplomatik, Hizmet ve Hususi ve Umuma Mahsus Pasaport hamilleri 3 aylık bir süre için vizeden muaf bulunmaktadırlar.
PG	required	required	required	required	Umuma Mahsus Pasaport hamilleri vizeye tabidir. Diplomatik, Hizmet ve Hususi Pasaport hamilleri vizeye tabidir.
PY	free:90	free:90	free:90	free:90	Umuma mahsus, hizmet, hususi ve diplomatik pasaport hamilleri 90 gün süreyle vizeden muaftır.
PE	free:90	free:90	free:90	free:90	Umuma Mahsus Pasaport hamilleri 180 gün içinde 90 günü aşmamak kaydıyla, anılan ülkeye yapacakları seyahatlerinde vizeden muaftır. Hizmet, Hususi ve Diplomatik Pasaport hamilleri 180 gün içinde 90 günü aşmamak kaydıyla, anılan ülkeye yapacakları seyahatlerinde vizeden muaftır.
PL	required	free:90	free:90	free:90	Umuma mahsus pasaport hamilleri vizeye tabidir. Diplomatik, hizmet ve hususî pasaport hamilleri her 180 günde 90 gün süreyle vizeden muaftır.
PT	required	free:90	free:90	free:90	Umuma Mahsus Pasaport hamilleri vizeye tabidir. Diplomatik, Hizmet ve Hususi Pasaport hamilleri ise, 180 gün içinde 90 günü aşmamak kaydıyla, anılan ülkeye yapacakları seyahatlerinde vizeden muaftır.
RO	required	free:90	free:90	free:90	Umuma Mahsus Pasaport hamilleri vizeye tabidir. Diplomatik, Hizmet ve Hususi Pasaport hamilleri ise, altı ay içinde üç ayı aşmamak kaydıyla, vizeden muaftır.
RW	required	free:90	free:90	free:90	Umuma Mahsus Pasaport hamilleri vizeye tabidir. Diplomatik, hususi ve hizmet pasaportu hamilleri her 180 günde 90 gün süreyle vizeden muaftır.
RU	evisa	free:30	free:30	free:90	Umuma mahsus pasaport hamilleri vizeye tabidir. Hususî ve hizmet pasaportu hamilleri her 180 günde 90 günü aşmamak şartıyla 30 gün süreyle vizeden muaftır. Diplomatik pasaport hamilleri 90 gün süreyle vizeden muaftır. Vatandaşlarımız Rusya Federasyonu’na elektronik vizeyle seyahat edebilmektedirler.
ST	free:15	free:15	free:15	free:15	Diplomatik, Hizmet, Hususi ve Umuma mahsus pasaport hamilleri 15 gün süreyle vizeden muaftır.
KN	free:90	free:90	free:90	free:90	Umuma Mahsus Pasaport hamili Türk vatandaşları 180 gün içinde 90 güne kadar ikamet süreli seyahatlerinde vizeden muaftır. Diplomatik, Hususi ve Hizmet Pasaportu hamili Türk vatandaşları 180 gün içinde 90 güne kadar ikamet süreli seyahatlerinde vizeden muaftır.
LC	free:42	free:90	free:90	free:90	Umuma mahsus pasaport hamilleri 6 haftaya kadar vizeden muaftır. Hizmet, hususi ve diplomatik pasaport hamilleri vizeden muaftır.
VC	required	free:90	free:90	free:90	Umuma Mahsus Pasaport hamilleri vizeye tabidir. Diplomatik, Hususi ve Hizmet Pasaportu hamili Türk vatandaşları 90 güne kadar ikamet süreli seyahatlerinde vizeden muaftır.
SN	required	required	required	free:90	Umuma Mahsus Pasaport hamili Türk vatandaşları vizeye tabidir. Hususi ve Hizmet Pasaportu hamili Türk vatandaşları vizeye tabidir. Diplomatik Pasaport hamili Türk vatandaşları, 90 güne kadar ikamet süreli seyahatlerinde vizeden muaftır.
SC	free:90	free:90	free:90	free:90	Seyşeller'e yapılacak bütün seyahatlerde Seyahat Yetkilendirme (TA) Sistemi üzerinden başvuru yapılması gerekmektedir.
RS	free:90	free:90	free:90	free:90	Umuma Mahsus Pasaport hamilleri 180 gün içinde 90 günü aşmamak kaydıyla, anılan ülkeye yapacakları seyahatlerinde vizeden muaftır. Diplomatik, Hizmet ve Hususi Pasaport hamilleri 180 gün içinde 90 günü aşmamak kaydıyla, anılan ülkeye yapacakları seyahatlerinde vizeden muaftır.
SL	required	free:90	free:90	free:90	Umuma Mahsus Pasaport hamilleri vizeye tabidir. Diplomatik, hususî ve hizmet pasaportu hamilleri her 180 günde 90 gün süreyle vizeden muaftır.
SG	free:90	free:90	free:90	free:90	Umuma mahsus, hizmet, hususî ve diplomatik pasaport hamili vatandaşlarımız vizeden muaftır. Singapur’a ilk girişte 30 gün kalış imkanı sağlanmakta, başvuru üzerine onay alınması halinde kalış süresi 90 güne kadar uzatılabilmektedir.
SK	required	free:90	free:90	free:90	Umuma Mahsus Pasaport hamilleri vizeye tabidir. Diplomatik, Hizmet ve Hususi Pasaport hamilleri anılan ülkeye yapacakları seyahatlerinde 90 gün için vizeden muaftır.
SI	required	free:90	free:90	free:90	Umuma Mahsus Pasaport hamilleri vizeye tabidir. Diplomatik, Hizmet ve Hususi Pasaport hamilleri 180 gün içinde 90 günü aşmamak kaydıyla, anılan ülkeye yapacakları seyahatlerinde vizeden muaftır.
SB	required	required	required	required	Umuma Mahsus Pasaport hamilleri vizeye tabidir. Diplomatik, Hizmet ve Hususi Pasaport hamilleri vizeye tabidir.
SO	arrival:	free:90	free:90	free:90	Diplomatik, hususî ve hizmet pasaportu hamili vatandaşlarımıza vize muafiyeti uygulanmaktadır. Umuma mahsus pasaport hamili vatandaşlarımız Somali’ye varışta sınır kapılarında vize alabilmektedirler.
LK	evisa	evisa	evisa	evisa	Diplomatik, hizmet, hususi ve umuma mahsus pasaport hamilleri vizeye tabi olup, turistik amaçlı seyahatlerinde vizelerini www.eta.gov.lk internet adresinden veya ülkeye girişte sınır kapılarında alabilmektedirler.
SD	arrival:	arrival:	arrival:	free:90	Umuma mahsus, hizmet ve hususî pasaport hamili vatandaşlarımız vizeye tabidir. Vatandaşlarımız Sudan’a varışta Sudan’ın tüm sınır kapılarında vizelerini alabilmektedirler.
SR	required	free:90	free:90	free:90	Umuma Mahsus Pasaport hamilleri vizeye tabidir. Diplomatik, hususi ve hizmet pasaportu hamilleri ilk giriş tarihinden itibaren 90 gün süreyle vizeden muaftır.
SY	free:90	free:90	free:90	free:90	Vatandaşlarımız vizeden muaftır. Umuma mahsus pasaport hamili vatandaşlarımız Suriye’ye varışlarında sınır kapılarında harç ödemektedir. Diplomatik, hususî ve hizmet pasaportu hamili vatandaşlarımız sınır kapılarından harçsız giriş yapabilmektedir.
SA	evisa	evisa	evisa	evisa	Umuma mahsus ve resmi pasaport hamili vatandaşlarımız vizeye tabi olup, turistik amaçlı e-vizelerini “https://visa.visitsaudi.com” internet adresinden, Suudi Arabistan'a varışlarında havalimanlarında bulunan e-vize kabinlerinden veya anılan ülkenin Türkiye'de mukim temsilciliklerinden “365 günde 90 
CL	free:90	free:90	free:90	free:90	Umuma Mahsus Pasaport hamilleri 90 güne kadar vizeden muaftır. Diplomatik, Hizmet ve Hususi Pasaport hamilleri 90 güne kadar vizeden muaftır.
TJ	required	free:60	free:60	free:90	Umuma mahsus pasaport hamili vatandaşlarımız vizeye tabidir. Hususî ve hizmet pasaportu hamili vatandaşlarımız 60 gün, diplomatik pasaport hamili vatandaşlarımız ise 90 gün süreyle vizeden muaftır.
TZ	evisa	free:90	free:90	free:90	Diplomatik, hususi ve hizmet pasaportu hamili Türk vatandaşları 90 güne kadar ikamet süreli seyahatlerinde vizeden muaftır. Umuma mahsus pasaport hamili Türk vatandaşları ise vizeye tabidir.
TH	free:30	free:90	free:90	free:90	15 Eylül 2026 tarihinden itibaren geçerli olmak üzere umuma mahsus pasaport hamili vatandaşlarımızın turistik seyahatlerinde vize muafiyeti süresi 30 gündür.
TW	evisa	evisa	required	required	Umuma mahsus, hizmet, hususî ve diplomatik pasaportlar vizeye tabidir. Diplomatik ve hizmet pasaportu hamili vatandaşlarımızın basılı (kağıt) vize almaları gerekmektedir.
TG	required	required	required	free:90	Umuma mahsus, hizmet ve hususî pasaport hamilleri vizeye tabidir. Diplomatik pasaport hamilleri her 180 günde 90 gün süreyle vizeden muaftır.
TO	free:30	free:30	free:30	free:30	Umuma mahsus, hizmet, hususi ve diplomatik pasaport hamilleri 30 gün süreyle vizeden muaftır.
TT	free:30	free:30	free:30	free:30	Umuma Mahsus Pasaport hamilleri 30 güne kadar vizeden muaftır. Diplomatik, Hizmet ve Hususi Pasaport hamilleri 30 güne kadar vizeden muaftır.
TN	free:90	free:90	free:90	free:90	Umuma Mahsus Pasaport hamilleri 90 güne kadar vizeden muaftır. Diplomatik, Hizmet ve Hususi Pasaport hamilleri 90 güne kadar vizeden muaftır.
TV	free:30	free:30	free:30	free:30	Umuma mahsus, hizmet, hususi ve diplomatik pasaport hamilleri 30 gün süreyle vizeden muaftır.
TM	required	free:30	free:30	free:30	Umuma mahsus pasaport hamilleri vizeye tabidir.
UG	required	required	required	free:90	Diplomatik pasaport hamilleri 90 gün süreyle vizeden muaftır. Umuma Mahsus Pasaport hamilleri vizeye tabidir. Hizmet ve Hususi Pasaport hamilleri vizeye tabidir.
UA	free:90	free:90	free:90	free:90	Umuma mahsus, hizmet, hususi ve diplomatik pasaport hamilleri her 180 günde 90 gün süreyle vizeden muaftır. Vatandaşlarımız geçerli biyometrik kimlik belgeleri (yeni tip kimlik kartı) ile, Türkiye’den seyahat etmek şartıyla, Ukrayna’ya vizesiz olarak giriş yapabilmektedirler.
UY	free:90	free:90	free:90	free:90	Umuma Mahsus Pasaport hamilleri 90 güne kadar vizeden muaftır. Diplomatik, Hizmet ve Hususi Pasaport hamilleri 90 güne kadar vizeden muaftır.
JO	free:90	free:90	free:90	free:90	Umuma Mahsus Pasaport hamilleri 180 gün içinde 90 günü aşmamak kaydıyla, anılan ülkeye yapacakları seyahatlerinde vizeden muaftır. Diplomatik, Hizmet ve Hususi Pasaport hamilleri 180 gün içinde 90 günü aşmamak kaydıyla, anılan ülkeye yapacakları seyahatlerinde vizeden muaftır.
VU	free:30	free:30	free:30	free:30	Umuma Mahsus Pasaport hamilleri 30 güne kadar vizeden muaftır. Diplomatik, Hizmet ve Hususi Pasaport hamilleri 30 güne kadar vizeden muaftır.
VE	free:90	free:90	free:90	free:90	Umuma Mahsus Pasaport hamilleri, 90 güne kadarki turistik amaçlı seyahatlerde vizeden muaftır. Diplomatik, hizmet ve hususi Pasaport hamilleri, 90 güne kadarki turistik amaçlı seyahatlerde vizeden muaftır.
VN	evisa	free:90	free:90	free:90	Diplomatik, Hizmet ve Hususi Pasaport hamilleri 90 güne kadar vizeden muaftır. Umuma Mahsus Pasaport hamilleri vizeye tabidir. Vatandaşlarımız elektronik vizelerini https://evisa.immigration.gov.vn internet adresinden alabilmektedirler.
YE	required	free:90	free:90	free:90	Umuma Mahsus Pasaport hamilleri vizeye tabidir. Diplomatik, Hizmet ve Hususi Pasaport hamilleri anılan ülkeye yapacakları seyahatlerinde vizeden muaftır.
NZ	required	required	required	required	Umuma mahsus, hizmet, hususi ve diplomatik pasaport hamilleri vizeye tabidir.
GR	required	free:90	free:90	free:90	Umuma Mahsus Pasaport hamilleri vizeye tabidir. Diplomatik, Hizmet ve Hususi Pasaport hamilleri vizeden muaftır.
ZM	free:90	free:90	free:90	free:90	Diplomatik pasaport hamilleri her 180 günde 90 güne kadar vizeden muaftır. Hususî, hizmet ve umuma mahsus pasaport hamilleri vizeden muaftır.
ZW	evisa	free:90	free:90	free:90	Umuma mahsus pasaport hamilleri vizeye tabidir. Diplomatik, hususi ve hizmet pasaportu hamilleri vizeden muaftır.
